<annotation>
	<folder>images</folder>
	<filename>frame_2.jpg</filename>
	<path>C:\Users\wongy\Desktop\custom_model\store\images\frame_2.jpg</path>
	<source>
		<database>Unknown</database>
	</source>
	<size>
		<width>320</width>
		<height>320</height>
		<depth>3</depth>
	</size>
	<segmented>0</segmented>
	<object>
		<name>mouse</name>
		<pose>Unspecified</pose>
		<truncated>0</truncated>
		<difficult>0</difficult>
		<bndbox>
			<xmin>101</xmin>
			<ymin>67</ymin>
			<xmax>174</xmax>
			<ymax>189</ymax>
		</bndbox>
	</object>
</annotation>
