<annotation>
	<folder>images</folder>
	<filename>frame_88.jpg</filename>
	<path>C:\Users\wongy\Desktop\custom_model\store\images\frame_88.jpg</path>
	<source>
		<database>Unknown</database>
	</source>
	<size>
		<width>320</width>
		<height>320</height>
		<depth>3</depth>
	</size>
	<segmented>0</segmented>
	<object>
		<name>mouse</name>
		<pose>Unspecified</pose>
		<truncated>0</truncated>
		<difficult>0</difficult>
		<bndbox>
			<xmin>66</xmin>
			<ymin>100</ymin>
			<xmax>197</xmax>
			<ymax>222</ymax>
		</bndbox>
	</object>
</annotation>
